0.2308697486785637,1.1919168151084032,0.09306659948906434,7.232359258823029,0.7087804040765219,8.467250827358452,1.6886654051183296,14.793945660977721,5.20118021844888,0.4050005380145574,2.6562717432118963,8.648277610040326
0.2876931824421498,1.0900749290404896,0.08036264133830852,7.173136115106792,0.7175640316566627,8.443732583479983,1.6703848684183895,14.712551496482218,5.325006487391936,0.4378872626874399,2.554665512948797,8.529558189813576
0.13781853852761858,1.2316005545017035,0.10327819407872929,7.20889144226509,0.8423693325003512,8.311233469148046,1.5906852702822323,14.681495998894757,5.429638117070236,0.5570609606360604,2.458197033482479,8.456673781916646
0.24238682417909524,1.1881931520071496,0.06760354322545042,7.159319002153755,0.745849009655745,8.29015189046782,1.659042643877939,14.717906311949188,5.4812939914628,0.424808641167899,2.362096648945703,8.484193697615167
0.26816076490794183,1.1936936217038476,0.0556273664596578,7.234157457106735,0.651809673735316,8.173906271266388,1.6639297805821596,14.805481118183616,5.576917257680141,0.4238322141536768,2.28042074493977,8.342143030425145
0.36537861308043507,1.1297656192016696,0.04624438489136371,7.201094118753366,0.7949184999374252,8.210983074914148,1.7625828879882512,14.885308507076386,5.538051516474602,0.48313270024801364,2.2727694114238015,8.341021308584251
0.33828264263300467,1.1401565883019875,0.05868420315328032,7.280376695503571,0.6626047846421037,8.253358675282485,1.7145198769824048,14.781810655725023,5.633127470682148,0.3754914345415993,2.383284281339116,8.1961913507795
0.30613574486240686,1.0771586373399669,0.06635324193320831,7.140203591268796,0.7800385793120582,8.36769404038813,1.7436392011423627,14.789077582719242,5.748334233699851,0.35395866347021904,2.3289074973312367,8.15828044026933
0.1743684677736077,1.1560635715482253,0.08457806242881379,7.247538385925912,0.9047023941039902,8.353410422868196,1.765252337263998,14.74462586817497,5.841245368214412,0.3144239838361381,2.4177009974347614,8.05342282748666
0.30845270496610133,1.1104012543219082,0.08981191467225731,7.3657135593085465,0.903678281687625,8.310362379558958,1.7261693412349328,14.70290213440304,5.798917169633769,0.42213027340925047,2.5237863367401556,8.000223369980265
0.32225711316184164,1.1413476493591965,0.09710466113705286,7.292684299787971,0.9053708981766737,8.409406821172134,1.819268272560378,14.562085216702608,5.948486111067976,0.42081141404989486,2.662970849187688,8.01931674341941
0.2609083691354481,1.174458323455195,0.08606905505696454,7.184063930916587,0.9702979307380997,8.265884461800372,1.8852299152216014,14.498316906234365,6.0159927741476,0.47969278296785356,2.5745104818392175,8.017975384189489
0.26134870298801816,1.1769220909992744,0.09216545785539434,7.2566224370447525,1.006970975371206,8.297445913784198,1.9172932733923385,14.607032804832647,6.079228088116883,0.4401583681096817,2.5985319772115574,7.920452183953019
0.08774923487089727,1.1138456211058603,0.1054871473067647,7.149603894368109,0.8652849017715025,8.658640175490659,1.594025334028788,14.765627148153404,5.346777797457934,0.45827288099035446,2.56378399853888,8.537618689374076
0.05160722403724543,0.9135474432478413,0.16078209811967514,7.260616220619348,0.5292194388096724,8.29428426847159,1.1406202668666805,14.212363675011337,5.479589339741723,0.9523222131104335,3.2465016708063352,8.322276377519126
-0.0018622237161106878,0.9172342218238426,0.157723861571528,7.235341708920993,0.5140204436150676,8.233972014789424,1.0601993979126925,14.171792892328686,5.514607608629371,0.9386393990806217,3.215143794489901,8.414820327080369
-0.027008570114147673,0.8028761605064305,0.14325800527995686,7.232405109260532,0.5436721767094078,8.270323054712312,1.1930400381341548,14.25024097143182,5.5558830134637995,1.0216389712738805,3.3169555374410415,8.228768624600852
-0.0044053055048582195,0.7589940444950125,0.1573632507638449,7.247950355177697,0.45400024268391675,8.356986919637205,1.1499852910530546,14.154555829569523,5.468548794869013,1.0409215510843621,3.3954477416031352,8.215080644413852
0.0036968776734774226,0.6789688369096366,0.1310730155371719,7.319764023992936,0.35982212835626126,8.365311429444413,1.2261969849288266,14.152011755684596,5.4314366476154685,1.1403103509154058,3.3786476875320584,8.176000372614217
-0.03994870396409506,0.6390128803989997,0.09875059807302773,7.296513913709572,0.3308624947793022,8.284929491921002,1.1351284446410699,14.225660483268708,5.349638464534725,1.186597202059625,3.4679491989897566,8.187272088346045
-0.07556573238325363,0.6054295214555624,0.10062083085872715,7.247590536699221,0.2769150585863185,8.327599567322695,1.0762978610626708,14.125756544468592,5.25629751197304,1.093768895955267,3.4655727559203933,8.157903006928228
-0.1650794349234826,0.5175442037553615,0.07195695067979715,7.204239884593334,0.3102231752526839,8.289091906679673,1.1704491452446761,14.182701009987333,5.161349413481484,0.9950505623645912,3.509590234482455,8.092386260198433
-0.22444546087646322,0.43842772597646107,0.07738978894842052,7.106590017954683,0.30433080753837705,8.259010790840632,1.2363766017769011,14.092927694536431,5.061611174807873,0.9210422618128402,3.44323469515561,8.08586182767286
-0.2226387654057101,0.43111775557997845,0.08487811667433458,7.145023120436128,0.3429283755878766,8.280989366687496,1.2810473259839952,14.132688349097968,5.063893391160607,0.8255468646467283,3.4320555664533687,8.001813660046937
-0.17545320228243438,0.35807364944474873,0.07450431083143709,7.054974305528701,0.283905636384184,8.294126303440068,1.3731031392237223,14.128951220973043,5.06706287008447,0.7389169257202717,3.405676197099775,7.995661446437475
-0.16748986294280507,0.3812267604913059,0.08063023063012222,7.043584316630685,0.3414397134869794,8.27371037810974,1.453534858547283,14.13693645801407,5.1203037979469155,0.8181530636839282,3.353707937819044,7.923733909604133
-0.09700037099821236,0.3852785836534094,0.0503705470785739,7.015628120148919,0.343477570093304,8.353652485797822,1.4558756258572862,14.12484224806499,5.200263192553816,0.7526890719633172,3.2751766902953783,7.96034781571006
-0.15116166513262835,0.44240158356308185,0.07532628802214746,7.049576824625872,0.33459380494664764,8.316027307057656,1.373176674902732,14.056261757614584,5.288256407141635,0.6795958410063911,3.2090277961132516,7.960782414720093
-0.1600013155876281,0.35557841338502627,0.05017255826356633,6.9927493840846875,0.4116740084336208,8.274471044847518,1.4237370648222163,14.098968157604014,5.3371659874015815,0.6628814326094389,3.164483241168414,7.931783172789776
-0.17409232159320248,0.3552038341709556,0.05868792942748671,7.035564254208182,0.3181353914958254,8.315841698458073,1.4209344272068127,14.078455746557593,5.392243838620697,0.6022330299344956,3.2477512172698604,8.01861299415526
-0.08776992602285294,0.3775044968746866,0.07631307928770847,6.946590768317977,0.25379237791384374,8.347927127212422,1.5041191683210557,14.09994065875308,5.42136865706024,0.5330240801950005,3.1626217250034485,8.037754153661544
-0.11619143891830237,0.32920461105521714,0.0578792055965069,6.864534678090569,0.327819579425463,8.398632970311063,1.4493495920276913,14.009709102902958,5.468659989038767,0.44013886800391633,3.168805709281518,7.995139689154829
-0.17448125682218868,0.24002543529577836,0.040275614422688524,6.876976282938822,0.24824143873982862,8.495147799601458,1.459188537138307,13.939172828283494,5.474920128453564,0.4383557161635304,3.1231573767185172,8.05356976111516
-0.11004044746622138,0.2747572722279306,0.05743609524298264,6.867422614135155,0.1587904416342327,8.56795088129468,1.515616164059855,13.984333247804527,5.528207218515701,0.4787759753454132,3.089806132034927,8.083988537116271
0.0015028196672279004,0.879006160852233,0.2170024038140879,7.1339850455535485,0.5517812185551132,8.404923876273076,1.0960876933733164,14.082861657425054,5.620556404739522,0.9098964722876107,3.3427157920428727,8.201014649195615
-0.06297523298495912,0.9085609313060676,0.25701534038359924,7.076769514525131,0.5962157238307803,8.402748566533612,1.083777281139798,14.176748995711746,5.54624042023498,0.8188788336790419,3.2831024216218196,8.273592596256155
-0.035818061060817696,0.8161671757786909,0.20020152861499063,7.0182349669247275,0.5856312891810562,8.488788518736497,1.1511414613355038,14.12876822828557,5.641052361573499,0.7921401134102246,3.194663379507193,8.182222505370575
-0.11905305473184707,0.7536471129041763,0.134237379386286,6.9506008895363784,0.5140230689174373,8.517977212839764,1.153278066695716,14.063414584220906,5.629267381117527,0.8536535662943688,3.2252213747013294,8.106050159725271
-0.12848228971436224,0.8371916358962991,0.1572630344128348,7.029542925876189,0.5992941471553397,8.467813887904365,1.0662935729302907,14.075866833255352,5.693183986733794,0.7697349482996743,3.2340262168678175,8.018879759938484
-0.06392637540211453,0.8857698238174574,0.21035233877546755,7.062381911704426,0.5371521286583517,8.428669085510576,1.1444081652420668,14.124980686837617,5.791411105622479,0.725269647268774,3.147290085763064,8.024054093166784
-0.07780932921234732,0.8610154767018595,0.18331311052459923,7.054489508845025,0.5841124972413674,8.524955230594344,1.13201143631721,14.059057762493856,5.757763344577902,0.7507691836143142,3.152688550708477,7.946859050146837
-0.0902416602898484,0.8339416900666758,0.15581963714097732,7.090219689783073,0.5633197246768911,8.547986241475307,1.1700677038289002,14.07205574211067,5.800803934489255,0.6974079249350583,3.1771648379855733,7.9923984006213376
-0.01929809079188012,0.8465314888863417,0.1442334081851753,7.188932079818898,0.5761153300600527,8.630473515902523,1.151169340991511,14.100091340330364,5.792156162808013,0.7760083461169334,3.0887816631805074,8.045465671346333
-0.01764514284050072,0.8592102128739942,0.14236908915565044,7.141921651631838,0.5289637404108625,8.6186403707465,1.1602202117455565,14.079785217121136,5.878611974635111,0.8645268815081121,3.1489103713311404,8.130368488959775
0.05809017407364335,0.9074767019678412,0.17873627749889762,7.231566030486395,0.6076843727053315,8.344997127094372,1.2061682921933157,14.116740805414219,5.491729938362645,0.9371044077261014,3.2735586554691785,8.241093289490474
0.13969620897730126,0.8174737520753476,0.1679094226779864,7.218935383947191,0.6932179919103357,8.388784446591274,1.3059435369867245,14.204371451641375,5.425199751381508,0.9273921302983846,3.3466528927657606,8.34011463486674
0.14236926260222862,0.7740673903627102,0.16715665997339463,7.147513275643465,0.6616676486731881,8.370467934704433,1.3658924900249945,14.146226816191469,5.5079200623337545,0.9124533063731226,3.287025458728923,8.337769917166282
0.11159523102945985,0.7335575960382187,0.1511828746207148,7.226871691562696,0.7184590515818486,8.300440236725944,1.3073427245063312,14.231860680221954,5.520710961927016,0.8940851828298068,3.343879026373959,8.309087220953293
0.1898707152277255,0.6667595061126653,0.1345661705652742,7.271440246768581,0.6789440262959845,8.212833569451563,1.3910776156754565,14.19798587800321,5.428160515123665,0.8594987165025867,3.2725224988957113,8.282038742535802
0.1931343439614812,0.6734389555388881,0.1085774272195456,7.286736355596561,0.7178999301818639,8.310237983261601,1.4752748518485206,14.274736668104552,5.366228128977845,0.9394105264198548,3.2580551303794474,8.199329402998652
0.20322773393067878,0.6190662836553664,0.09244491451912297,7.333290657046863,0.7373574403607732,8.296802049191367,1.4616627947056449,14.224055701740436,5.425087717475381,1.0178548133227332,3.187217338178947,8.28543900234851
0.16033412263273386,0.5353537461162917,0.07244450859445853,7.432236367877138,0.79741949514313,8.307931630842273,1.497195219375371,14.150055362768686,5.427979947782368,1.0714122623517381,3.2269012363644225,8.326571282730628
0.1857109905652095,0.4610300331207085,0.0646472429437063,7.390015107506685,0.7693990925038825,8.35316590472485,1.4752021888082756,14.125240863476336,5.371269293259066,0.9868212606663536,3.1931280619455737,8.368373654592922
0.24842353610524287,0.4915657291356172,0.07388762156943846,7.442246694663511,0.767964174258291,8.411112683543726,1.5548892848675728,14.168959758538975,5.324084574159806,0.8879787603125538,3.2201057186770976,8.29395113850102
0.2150460188913565,0.47305547624133926,0.07059412189756989,7.393480420315072,0.8545038013443117,8.469461359048504,1.5759516413132826,14.24048733806464,5.303986330039973,0.8305476508160977,3.245909416100992,8.37749224417727
0.20798350711445268,0.42512716543553974,0.06477594145536897,7.414868205143072,0.8940288887074623,8.561614418585739,1.577844853270011,14.263859787945579,5.394829235255417,0.9083273540379754,3.3165760509380986,8.41627484996557
0.21602264005192484,0.48011103476653955,0.07337915006696477,7.429817527370798,0.8999107474325985,8.652282592986582,1.672413118272461,14.27616937121882,5.3393221807054845,0.9348541330571221,3.3998304194010633,8.361374193133203
0.19413425659450115,0.4390749458783876,0.058767309324599004,7.447133379634467,0.8524233338523289,8.73669901998352,1.765647267381638,14.2240912410756,5.437715791158966,1.0226723334756482,3.3080550737023366,8.389430955885603
0.08249562683146068,0.7643983386693376,0.17013994770644406,7.239560740511686,0.5492777418689213,8.283169165711797,1.22253725909071,14.26042844531571,5.59596259202644,1.0374984765888235,3.3973336912836394,8.192822902602542
0.08289971773933068,0.7806708739039664,0.15478745020456738,7.180095352250284,0.4806554429076815,8.353304481110065,1.245293200806598,14.185482926519283,5.557366655761224,0.9910133001764468,3.477596038907411,8.2628500355387
-0.0010936816897518936,0.7132804210544011,0.17756577693239967,7.1974493584604184,0.45666351317238363,8.32814175379664,1.170486261559462,14.141383510099336,5.621793795762969,0.9492184364153065,3.544106422681837,8.253589572162534
0.07430781322268225,0.6536351183821957,0.16245475965527026,7.101509004249399,0.36435176582181933,8.408509260720173,1.0831959454712468,14.195486006076397,5.58967215964895,0.9931013553952373,3.4987966785909954,8.206336837206079
0.11372767321299357,0.6284820240433467,0.17992534751931735,7.175394258139352,0.3180543171103169,8.446363644379195,0.9959787144316125,14.15284741845916,5.667285513904463,0.9089340856579277,3.4742230350039907,8.155403614903584
0.041291576791530324,0.5923328740408959,0.13838438420296,7.191296475760148,0.29755789873661054,8.545230424759755,1.0147892478448595,14.151406260325233,5.675245826112449,0.972161440114508,3.5279354927318365,8.169199438277555
0.06502070674817792,0.5820659098071063,0.13840016989853765,7.276291234377333,0.3352935442888933,8.506008530155562,0.995393469420818,14.081868141626048,5.722418894726524,0.8777551415209885,3.6038734900499656,8.096328316376077
0.09761796670500526,0.6228865068458259,0.1383450623118,7.309470008414653,0.3649687769575581,8.415356953780213,1.0597844537836352,13.982732945875227,5.756546882218224,0.860431007369019,3.6655583320303817,8.086457035131156
0.17449379359788042,0.5321612353968453,0.15841941333553877,7.3079388674908285,0.3665737286471825,8.425164425323327,1.1422242428829323,13.935094406294091,5.730386814539232,0.7773419886943146,3.6585243276801678,8.064359462095265
0.14861061535574333,0.4404543813329432,0.12323439751275682,7.293468802256629,0.28860826400345707,8.516684071146766,1.068998106598827,13.904897427918215,5.82301248782677,0.7154443748655894,3.6892146791601714,8.142497070910224
0.16043668486031762,0.3733321830436393,0.11222901252694323,7.336188200669568,0.3395667625794466,8.53617036572889,1.0962111785871127,13.809236698572727,5.801150195191628,0.692141397249764,3.7451812961982562,8.219053170401986
0.2425850310332346,0.4252377301589814,0.11397188704196536,7.3280736332940295,0.3138962644723333,8.615976339107675,1.0154825056165502,13.745745509990632,5.869547988690384,0.6799766050653794,3.7238251341987207,8.25525414453066
0.1957316011562235,0.36074795956485683,0.08434481418647717,7.261453037606042,0.36325843999594537,8.712492336429785,0.9400186441236431,13.834570305891827,5.962521702909125,0.6096268990433642,3.6782312611230275,8.213466329202527
0.25129592348132973,0.3142156257683988,0.0739312446331823,7.177405104937366,0.3238909846079905,8.66251823498753,1.038063391824067,13.744641210071503,6.0551557536375,0.522422978133834,3.611919019198072,8.193787905923624
0.3137437146987758,0.3141826366974572,0.07481234807646873,7.168099950797834,0.24767034809417288,8.717542969655936,1.0680760934638447,13.649251575500536,5.97631374138174,0.5373942667090763,3.5325645158975765,8.21489227656457
0.2509383488245508,0.2521020659445602,0.059715207143626776,7.263166930875218,0.2091868352108677,8.66544364568361,1.0855222711545818,13.679255040695319,5.99366244529035,0.5216048054656734,3.4762242909344807,8.222689847239188
0.19792975129960005,0.3094768956674774,0.06584157176523153,7.166918010796072,0.1892729856596917,8.620979443496875,1.1333540236067918,13.608888699464458,5.987886322414081,0.5378670443357,3.4335644486540393,8.313107036585592
0.2790359983843097,0.23531479082677925,0.056991106585376025,7.169085458824912,0.21370971235651448,8.559227892155992,1.0954007668812293,13.565842143232137,5.956921644424211,0.5032773565962878,3.361210964073256,8.280960900432516
0.35702009160267073,0.19740490103383287,0.051527676588076415,7.253775030636648,0.16585787153244624,8.46850143691985,1.1738814487194582,13.664520613727804,6.018021716566651,0.41000763494419773,3.3644974551684426,8.358490268474018
0.2752808546663225,0.2807650707878347,0.06377956458317888,7.3120738947211885,0.14080513170482883,8.513901583883905,1.1693974446068651,13.582734024515108,5.95660148026063,0.4187372186293485,3.339772678229526,8.317571990346353
0.24779985120708137,0.2180706165602173,0.04651375878390604,7.3537672223159465,0.19536649230372966,8.515048143536598,1.1615981119514014,13.656679127467926,5.951796312204345,0.3313617680925086,3.3739467948945054,8.34156322279967
0.3213525611331614,0.17455739252227268,0.04251012847176973,7.275513556060525,0.15905779464360212,8.610186181545853,1.0633735687532508,13.691112315976808,5.867694592138751,0.2613205653087069,3.3606515525645553,8.375443849556572
0.3113406899620684,0.2742608919559204,0.06003117244760753,7.232058603304149,0.180283325039634,8.567524701647145,0.9946556095334734,13.634583889296424,5.789070429269719,0.2635293641896703,3.2777055340687284,8.402090511128803
0.3684748359635805,0.24718497005471265,0.055057850698253474,7.213075037113617,0.12450384581588081,8.624102057055515,1.0837264826944575,13.608983311518452,5.746476777162124,0.30205485548257305,3.238646542433984,8.472314409841163
0.347260010035165,0.20842820682509436,0.042246830757559604,7.163833647041086,0.06207932658876649,8.72136584966327,1.0853572031842273,13.692568030971497,5.753940107960758,0.24409094889134736,3.160840622323632,8.49056697027046
0.4107542072776063,0.17201182864308945,0.03892253171724963,7.201568031503763,0.151171095178362,8.791971813672248,1.1562110408240502,13.750933051694876,5.721506995307886,0.28484925351854734,3.2009680434563665,8.575124670912423
0.46109973463911424,0.18263579916348816,0.04370684407899043,7.240807502422511,0.15880273922439556,8.843168721429352,1.2454732123227175,13.789832148982168,5.62448093673814,0.3005319036399979,3.2661039066683126,8.506965026934209
0.5510605819767452,0.20982972531040106,0.05148084112598114,7.211840768865242,0.22760047800809824,8.785398609682874,1.1727851492251957,13.714098059255209,5.55407885975265,0.2634263412333846,3.357119086287147,8.605499148865533
0.5601433661728064,0.19496798188995,0.038387849253095255,7.162929949046579,0.14960255258205418,8.829295319443863,1.1677661472942784,13.718181001433813,5.526374247590905,0.1988557321018829,3.39632539749587,8.626991210413516
0.5533826394903896,0.17621912764214712,0.0326866188794294,7.134636462541391,0.22004296552883126,8.771203602387999,1.263157615577523,13.678482748409344,5.490114147343818,0.2329312158887479,3.382914772570278,8.56354692652546
0.016335260411420444,0.8979012438331901,0.1913517773228981,7.206831523531658,0.5948099774304284,8.404183406991141,1.2103193667644208,14.123855500916646,5.446930180431263,1.0194234412865868,3.366188548603163,8.372630922876315
0.024976505212715022,0.8996805317101977,0.16017377989209342,7.222382335012004,0.5602509738957127,8.317141733995394,1.1912897253521497,14.197673867066138,5.43335746664289,0.9540564852001983,3.3402878284929574,8.274726681963104
0.04562900990922976,0.9636282039750617,0.19887784067698672,7.291588324889115,0.5559219645120624,8.389394921293594,1.2658698246539006,14.249432045792371,5.47031507243551,0.9867216875826996,3.2647408693318853,8.235764925167096
0.05171118421858385,1.0416772807098815,0.2157191736111067,7.288174897223652,0.6059213902239236,8.346023994039303,1.2070260829374442,14.178617198666085,5.492527346411713,0.8907034593883688,3.1859504680625568,8.313169198262665
-0.02626152230431629,1.08948551129422,0.18774965039046,7.308526036388912,0.5452514258162875,8.284864543496955,1.254729883809543,14.255165099685225,5.481189696309015,0.9179401253768519,3.147308185644255,8.397773828179389
-0.03352840614748864,1.1269925142794845,0.2190350740467743,7.298516947726698,0.47340212369043333,8.37606672036615,1.1979334911764383,14.196876775063648,5.511433117770272,0.8824215324509129,3.2027578771692915,8.333595038677469
-0.03682486515861054,1.1797096601294668,0.21417914311418562,7.30075152805186,0.3822762378446428,8.316519511394294,1.2026819803694366,14.179508229970692,5.427780083935885,0.9423524409790742,3.162187460598762,8.338125839758066
-0.03828642918315963,1.1361191918602274,0.19814755369070985,7.384773996548919,0.38425576670896056,8.33374709927857,1.1242855929973354,14.088363242199554,5.472343011610666,1.0098728702443542,3.161205720601425,8.274312867083838
-0.06317475655849417,1.1603298874612353,0.1955806661729772,7.3560790830096145,0.3510142720759175,8.263633231125645,1.0922130500563467,14.12381707195676,5.399228531066495,0.9729020333375974,3.0678696254339495,8.258631381579002
-0.047915366396797394,1.0813277085444688,0.17350094281458542,7.3805518336203635,0.37418278581756637,8.214810519986495,1.015022111185965,14.08201218210847,5.439058881953517,1.031112567160875,3.1043744798233672,8.20627744782664
0.04574715668171974,1.1020022229018989,0.2012660739268507,7.437369680529374,0.3934743593537203,8.275259248013189,1.0745312623934895,14.010040588677457,5.500741314920857,0.9398888962896953,3.1449882506969784,8.253140027159048
0.02366294395278066,1.0762699976378214,0.1854084481969431,7.500206028086272,0.32631262664136973,8.356841890383496,1.1467146203486127,13.958085994919895,5.5071135048581805,1.025278935489059,3.2170921095630027,8.178366971832993
-0.037386715596130604,1.1440538284999215,0.19003109789004918,7.406800401834743,0.3518193189210651,8.411345704297474,1.1875792303852082,13.962626530989537,5.593223505742641,1.0731962333555107,3.1606370506162698,8.111104341555901
0.03277683061412931,1.0694521318716852,0.17452667535057692,7.489235457165299,0.42390426656350166,8.469053688814054,1.1528356854476147,13.870941283766362,5.520851752043059,1.104875963436945,3.170026106265434,8.025047002639441
0.08160570947605594,1.1444256735385534,0.1848243329520512,7.4435244343195,0.4406000562070785,8.536918882054513,1.2300957839667102,13.797826303418466,5.49852952121703,1.1567766075933106,3.1372564720756326,8.0553202147728
0.0066273813356308026,1.1736803509721732,0.19661588639971594,7.347068209877789,0.5337108752674458,8.617573479035519,1.3268866191088367,13.776456219262073,5.527033166409337,1.1252720825977918,3.2175385037072997,7.958636095121918
-0.01387800725523368,1.1586648929967287,0.18143643606349827,7.268708353080569,0.5144693486900049,8.651763617710632,1.403598066848693,13.757243876500484,5.588705172959154,1.145187229078821,3.161883506487469,7.899749895868606
-0.10768005460905415,1.1477483242199522,0.17992645769910973,7.220389421835637,0.5979964995145399,8.638840195158991,1.371408504465597,13.679084131067244,5.615344421326451,1.1386380005802132,3.1971388398780287,7.829162352001548
-0.04321579944410081,1.1237907062775219,0.16698065415571933,7.252213110791168,0.6027804340659542,8.704017929534972,1.371270666979557,13.69450220508136,5.668633203195427,1.1503068289622818,3.1010300630789076,7.8054280056882845
0.008306442161592226,0.8296281205418251,0.15489444492284044,7.2930148133718316,0.4956698969335318,8.253530050068237,1.1245522643324757,14.10252607321644,5.507986675260154,0.9271514777874241,3.3769125383664504,8.28696153560213
0.03686362457799673,0.903082789119007,0.1887986725322902,7.235271191163404,0.43665652715674624,8.311100194507878,1.2134628521906516,14.080171533035406,5.560759730648289,0.8395056461548297,3.414826523011552,8.274721113533722
0.06006205886585444,0.9316387126774441,0.19509823548277033,7.28336972226498,0.5085886074735495,8.399079569183867,1.239324379334087,14.128026815918656,5.60734334062222,0.811024639589743,3.3310875457463736,8.33917046887947
0.1224539500298337,0.9152419802147658,0.1897250518957336,7.269192399258977,0.5313682712586342,8.368624408454544,1.3207783581421062,14.098844055094066,5.641612233187473,0.76158980135213,3.382352624872841,8.37840136381881
0.0909543705297011,0.8376364754645953,0.15674411674390115,7.170412490525076,0.44264667313606126,8.339751015687535,1.337900647840822,14.040245563882289,5.737983393814384,0.8369661324036852,3.379151218309446,8.302316708489936
0.14892088860323696,0.9248287997540481,0.19943693003566984,7.25836085813629,0.4378241040444551,8.345538735421856,1.3094178199660527,14.11928254194837,5.77646910789755,0.7625294950536242,3.453465706632482,8.384158628492496
0.05904068253844193,0.9208973584837833,0.2106843775105633,7.230417376443995,0.40489734754230555,8.369887615496395,1.281393540504135,14.102199475808002,5.858414092631138,0.6914207121730875,3.4422054201121233,8.372515984842222
0.07900478911220231,0.9289809249071636,0.191784227822607,7.327057874065774,0.4599845425579908,8.41842762499068,1.1962398246656718,14.119295131580627,5.909182098885587,0.7673120067239612,3.394314603831414,8.372845924988527
0.0029266824630244798,0.9608161858234187,0.20170947374277326,7.373543516613265,0.43542006603352623,8.402698264038875,1.2069858618419467,14.128269070808646,5.90098196095974,0.7795854676040262,3.3999502848639738,8.356231878174713
-0.030224573069597936,1.0008806332025093,0.2331399764824816,7.355747908996349,0.4477373679884032,8.434659718851501,1.198468231792353,14.216383711774462,5.844588671003356,0.6917214659317166,3.4490535549328323,8.330930848408059
-0.0972076821485135,1.0641995894380596,0.24879222483193797,7.328198925177873,0.3544910739720304,8.523769183409211,1.1903096673241038,14.176691911829376,5.873449823647859,0.7560964642893854,3.4882132743152923,8.368710438195887
-0.121031337978782,1.0469307351320074,0.23287211944042807,7.2650250548772135,0.3640930075131834,8.576851192616024,1.1942351377676683,14.099837541397505,5.934098804453558,0.8048131154870989,3.493371534179459,8.277128977327184
-0.03423954328789196,1.0434606675335438,0.21410387474116624,7.327669787056811,0.4640088549813651,8.660601519941364,1.2572950234418359,14.101537272547722,6.0330633312551045,0.9009406225898424,3.4431647104372636,8.33998477138447
0.022143555534402774,0.9538235112556477,0.19719360529884267,7.300018106250461,0.46850663706805284,8.697239882487313,1.2651429523113549,14.048040327797622,6.103771830679907,0.827994752148729,3.4620483382817255,8.343095425962863
-0.07187074033831362,1.0526492465375732,0.21061317262521068,7.330152090872337,0.4062705453141811,8.767013411216064,1.2111519056185314,14.05470432608575,6.144954875543072,0.9076295176145068,3.4202146506896707,8.36922353163708
0.0268575195684006,1.0123142512299121,0.2079899272124726,7.404160087493131,0.4103671317466728,8.731560761735409,1.2212393467007672,14.139604874388468,6.17709847958889,0.8590125677657058,3.430973452048628,8.383420442964894
0.062175277814680054,1.0234089308238148,0.2028630764075095,7.338038586690877,0.4818160135450627,8.669409594730496,1.316991828478812,14.149595977206669,6.22697241206316,0.8813325468941653,3.367837180509038,8.435903130459659
0.05022703961478655,1.0713050931282548,0.2208414272262368,7.324917565326833,0.5712417397593649,8.735628424023075,1.3805164212442407,14.172018833129243,6.206970919353619,0.8731606262725199,3.4083739351593483,8.425708482330249
0.02726909419765252,1.025939892852014,0.18458046205714324,7.226831501018693,0.5314831323295078,8.648151642586264,1.3709995841726597,14.110780322875558,6.18555970030622,0.9532774945119906,3.317183741773209,8.398722952517607
0.015361473116002231,0.9724768381068591,0.17226546986410338,7.205718053442817,0.5672179569744866,8.625377427129191,1.3715042718424655,14.05183481151542,6.236108872697421,0.9009815087710626,3.253407951649771,8.324333410283792
0.06546366807830432,0.9380739023776791,0.15207192900414396,7.201022070531341,0.525134764479585,8.539367874030992,1.436187920412433,14.022752170783379,6.247431636526071,0.9928591134898965,3.2166928058863054,8.262313500178626
0.07769678343928206,0.9407078439701064,0.14335448347733937,7.161471725116544,0.6146377444485851,8.635153820895617,1.489592822686916,14.052576920350528,6.209109583498135,1.0347222777794574,3.1950744979413326,8.221930985118378
0.07362140180909023,0.94629654814207,0.13460589920625726,7.199846794616251,0.6321191230289156,8.684086995293299,1.5508834856326221,14.102312557070585,6.2475746871742945,1.0780232091166968,3.137152503150164,8.138675123631613
0.10804070736576495,0.9690381322700473,0.14197868386540852,7.12781030165318,0.5744009931823267,8.70264094186005,1.5440009811388056,14.174391541932449,6.173816442763259,1.108050585527974,3.1836594405295497,8.1658201071457
0.11497222813259043,0.9431134764619713,0.1423165637959393,7.195977791651975,0.5222935735692219,8.665109402269367,1.472103479572156,14.078619904351543,6.182778473418186,1.050338064682439,3.1464487253369375,8.084894931720038
0.1310662384792499,1.0131442172949723,0.15223811970505072,7.121401417077441,0.5080419478946872,8.617074131102319,1.5552125315439358,14.023474173894991,6.184487266555168,1.1158945301099747,3.1377760382003177,8.049304139729813
0.09494241160582674,0.9936394858241044,0.15209502359705554,7.185176826493757,0.4537567924079204,8.653985047686092,1.5302322075196741,14.022325874340186,6.238135550332326,1.123173099037528,3.212348825710589,7.979943486945331
0.0895240454683248,0.9415668194699757,0.1426169564391633,7.256741030649652,0.41740052414472695,8.700083204849713,1.5201134411306314,14.019566741858002,6.320445894270585,1.1051762793492321,3.2116438247922754,7.978100890375646
0.14083540773106887,1.0337149705772568,0.17194701343345387,7.273970657539062,0.4943624635878706,8.620874591861893,1.5250178581101725,13.992833781187098,6.418390122209953,1.0550521510505335,3.225958610445604,8.042008522107519
0.12317488781183646,1.029245081197528,0.1612865195825672,7.24559280782979,0.5855528293039913,8.671519160181939,1.5876086621846048,14.09255482458443,6.51185976982457,1.1134524780492732,3.2192714247209206,8.106799969483319
0.11645688996652662,0.952527081104426,0.14729342288160469,7.158062741277322,0.6340994660520787,8.593499041893233,1.5904601486885728,14.026960174519958,6.565854579389996,1.028266213139207,3.1733152425470346,8.057694256340959
0.15894459870622932,0.9976725558042269,0.16172965795830854,7.139900918991227,0.7336672217127133,8.520226211454741,1.6751196006348101,14.089927563926317,6.656700891768898,1.0396353639885223,3.2268993965544497,8.085957682307976
0.15345325445975186,0.920723276268897,0.15156930872659363,7.1221956455004145,0.8118586457059672,8.61368986151664,1.7681495234224878,14.177742101150416,6.752236267863247,0.9823470904640407,3.3028196962189256,8.002749439718933
0.14040792353414422,0.9194984702250232,0.14718402074658246,7.142535797897011,0.7707344435888988,8.567494024780126,1.7513576457305655,14.27299299352053,6.828569427388659,0.9716561649374965,3.259305198047434,7.9815751925764244
0.14878102447262048,1.018321770528301,0.16848426574496786,7.2046505212252825,0.8161652799606166,8.665209788660368,1.7701423274766517,14.283712466200978,6.826166286403796,0.9924939465002544,3.293724088747807,8.009850087677133
0.15502397425278644,1.0032976043996673,0.15867147500087467,7.233636022473929,0.7720409694433839,8.730061967717488,1.7043563134096966,14.256520896678268,6.894562952861612,1.0448521935538067,3.2425210346260003,8.10981964106299
0.12059133908061895,1.0133793057752465,0.1472316707481985,7.207413768545383,0.7704596638561801,8.79833604836922,1.6824662350226296,14.205387912706563,6.911175425332054,1.1246442668946437,3.151997981776452,8.041207295926743
0.2025633248551321,0.9370749851573192,0.12759985712232833,7.15254118455071,0.7262083678737687,8.748830137379306,1.7008460718437306,14.274347297345642,6.860842088865283,1.1725977218783554,3.0967569252434535,8.046160142939142
0.12337611812233884,0.8760882775059295,0.12155795662620743,7.144124137011215,0.7363463480125977,8.717070618126545,1.6440937909707638,14.206599957962306,6.933828466978377,1.1398216662056408,3.1698693524289485,8.00979083745085
0.007210706203934363,0.8998934157688461,0.15352054844716145,7.2519245135610735,0.613459721097753,8.254788140371733,1.2745680927843632,14.118268447261189,5.631388118094365,0.9270757382517502,3.2908961878995386,8.343016527834632
0.10009785361883643,0.9035654230839701,0.16371693840654278,7.3310467093808755,0.6008914475268768,8.190027240383719,1.2486270464910967,14.09781719594425,5.601642822816098,0.9966625466716732,3.297197319398928,8.338430766869278
0.11608793902346759,0.8515336157636567,0.14464671823457115,7.246538019393748,0.6520121072753612,8.175067407393351,1.2167950910020102,14.151159104449833,5.635358033353095,1.058258568739987,3.2012393099788197,8.331555651932982
0.19341965158476748,0.901816554320875,0.19199301148014236,7.252855965736024,0.750722556972965,8.137070114273566,1.280538846569824,14.212918007646632,5.624276692470401,0.9753442573895946,3.152755577908683,8.295402603219479
0.15577173180905965,0.8740734117320861,0.16533438194452277,7.1785640133864215,0.6616524332390967,8.148221327514266,1.3282293586677902,14.259226663983059,5.6915367242528285,1.0168447474043363,3.1404644864741997,8.287714567581837
0.16864059710171134,0.8589407533007024,0.13642984535093236,7.12766327772898,0.5680965414332689,8.153265170813059,1.3908854535462853,14.193297848636421,5.767607362474087,1.1075714955693847,3.0603037343147914,8.337261347111147
0.1414193098981838,0.8573560341382283,0.1322317204019225,7.2273303296606075,0.6536618049027239,8.141377835098117,1.3288904079719779,14.10687836783067,5.758935679868095,1.204971409462928,3.104747180587273,8.279086633642363
0.05875575859124259,0.9483794483286366,0.14704762301388527,7.262702383935399,0.6773196643657136,8.138358774696275,1.3726216759591738,14.147698237994074,5.851476753286601,1.1669928485644556,3.2016656440351103,8.240920303836612
0.04186663757611862,1.0019363667929078,0.1814671983300961,7.261889911429954,0.7363987848750095,8.127365393143469,1.2980362788512094,14.140963388365128,5.928174160685918,1.2112588262048238,3.207069386574892,8.187960535051216
0.09187950459794017,0.9579816464086953,0.17509072588936211,7.223164434493459,0.7708916682961374,8.224641505301195,1.2874515291962112,14.072314186762362,6.001469414047975,1.2742266455761342,3.1664786363068123,8.127248668596875
0.09095116447334191,1.0539555352905041,0.15836062574219836,7.32028946357004,0.7170737471720259,8.138491391957865,1.372470640071929,14.053007216453645,5.994055490519745,1.3586801664510988,3.126502972189289,8.11849905352827
0.15281895802896883,1.0521226701802269,0.1475024762223336,7.298587506231475,0.7470599532292436,8.181833170030115,1.441113641102887,14.019543004488188,6.080482060721351,1.3134305422019972,3.055132527700202,8.05644267290535
0.17531369543299968,1.1087450886984374,0.16940413665937823,7.381064481030084,0.811826347009379,8.128550564776145,1.4511283509299517,14.090464471768941,6.122814114630438,1.3927336040489386,3.0749256992279714,8.07376326259839
0.1475553525261645,1.036288702016567,0.15921321313387374,7.3694428594355585,0.8064127728986035,8.060369663017147,1.3939886553701162,14.119401066406075,6.207113504732884,1.4516906661205868,3.0537165264840627,7.998715405696665
0.07373656745829207,1.1041495938501027,0.12342587857217177,7.35478340994076,0.7123591266066305,8.034473232592449,1.4375173006244955,14.171744541106197,6.2323765375891895,1.506653812291597,2.9539019291797137,8.0659452848477
0.1454050880869109,1.049384433932388,0.14945061218306666,7.414981336675937,0.6370681812947887,8.03048984817625,1.3399996255641893,14.139452931730231,6.2125181694693605,1.4722625211899445,3.0133039506878556,8.003255585766675
0.1791578730963953,1.0524831689637149,0.1345751283658496,7.513591174665114,0.5987880847858491,8.080458542639839,1.2573795919499993,14.092726909422385,6.115322464852321,1.449388041453503,2.9352214366124567,7.9757476995134216
0.18416908401528204,1.0692680444698344,0.1464392626076311,7.4307224520722785,0.5368708649734915,8.14404719031885,1.3199810466167616,14.064239898949932,6.190906336786518,1.4448696977473192,2.8613888875879825,7.901766601998465
0.27277623013006413,1.0164472525821358,0.1306310725163682,7.466180159153079,0.5049956581553359,8.13273570784213,1.2965847347977084,13.982021017790318,6.233468219851641,1.3934972544491808,2.8151046962965243,7.95035623151866
0.33854863177943645,0.9214745714033086,0.1359508475745421,7.549259252305365,0.5199102067205923,8.120667658074957,1.265403146327773,14.016274950663728,6.280889809117874,1.2958318543850535,2.9134677431940657,7.901631128310587
0.23889752407687836,0.8448863820015574,0.11160593563927543,7.616307952869794,0.5563170478416354,8.116256130728965,1.222386925525552,13.927655822577355,6.358097238866416,1.383562697131072,2.8182595624912823,7.809889263896676
0.2638826922898398,0.8737513857618392,0.118195919819068,7.5275970995929455,0.5513985334330193,8.023795778503795,1.3118894757744095,14.010218646382361,6.401233777077141,1.4686935194937223,2.8296436526725226,7.731233466906301
0.28747922164893175,0.923673475956816,0.14568788523528703,7.445940019239417,0.6002955579578536,7.98941730468846,1.3034292390314364,14.043530923448678,6.468611504599046,1.5648295702275334,2.7910120328077865,7.651247134945405
0.23311772843205025,0.875800460868406,0.10600431245828673,7.413714953797054,0.6301092800041221,8.031120177152415,1.2583889549495106,14.096856873250942,6.53501182564367,1.5269621120624364,2.7042178905055514,7.725349614012293
0.3200254878601215,0.791792366026731,0.1130419432601191,7.35537042471641,0.7116150132404266,8.126707381625803,1.3570516204904952,14.068581600682482,6.447381311452385,1.491105689106704,2.7678990892246,7.655475296209968
0.342605932406636,0.8081116118300739,0.11555616853295235,7.426495710659294,0.6225152783379957,8.09979963634612,1.3390646110731894,14.034181977311766,6.4250168694126595,1.422789846746213,2.683872291667354,7.6034548212285
0.4262296509616793,0.83587799701789,0.13904909562153156,7.367523147486946,0.686365416425552,8.070424582525057,1.3272497296775032,14.018279664833846,6.3998303765086,1.4358123084902095,2.6683359801231763,7.677485262464646
0.4082405940547469,0.7918823025980523,0.1081661137486771,7.424398440210385,0.6378110840456044,8.062779075089844,1.2866270148469932,14.084928847711936,6.412862935006453,1.4140515244791025,2.595214500324923,7.6735747415661075
0.4283451166757869,0.8288433051810543,0.10648354375721147,7.472998618867777,0.6430378384512428,8.137037196857353,1.2220729124356406,13.993054640401596,6.4211256106922425,1.325738005045624,2.5104808982724918,7.714075857337347
0.44646349549314424,0.7994141425435874,0.12604433681580213,7.455307625990304,0.5465822304063745,8.170573557156407,1.166172560552007,14.063445642945501,6.491189826789919,1.2875042912327845,2.4534912865201615,7.627710792787649
0.48074096630615026,0.8115287186959538,0.12554034474020123,7.5289895152018955,0.4938003331439953,8.084264436747164,1.121477685587542,13.96840465777945,6.561048493356086,1.2659330646181675,2.472179071286235,7.7112166392565085
0.5597607009682571,0.7604720674443632,0.11587259816582464,7.59373762633575,0.4954979110075106,8.170830593573351,1.1416316516790315,14.017842204700303,6.485597925960456,1.1777323200590313,2.465377315512729,7.687838700006017
0.5875137429328434,0.7734995382483182,0.11841803181121559,7.616124267843589,0.40368922537665886,8.256804056784201,1.0852578298573476,13.929633741537899,6.464158246687645,1.2016259366626565,2.439089922581799,7.675799939602495
0.6244870009495767,0.7630012731809979,0.12174312271433795,7.590488384604379,0.43542990151588223,8.26661221118779,1.161068277971577,13.94988122067284,6.399313567799394,1.273612910764474,2.5018518119115942,7.695574202211211
0.608067026321744,0.7367991257134012,0.11191643158529092,7.604053229970189,0.45511510131608235,8.19817222280655,1.171041827419416,14.043781818923824,6.4933630567456015,1.3455687588459555,2.417992308020798,7.732899474100604
0.707739736358824,0.7520920249651187,0.12622695944397283,7.581550829077827,0.4257125874814528,8.11449171811797,1.2257264996668755,14.139793671521389,6.45856023322497,1.2828244221277931,2.4432483879640996,7.711984274538591
0.7479654803593996,0.7132580865847089,0.12581880670766044,7.649471253072844,0.39150166683288756,8.128529023807097,1.1659021502650062,14.080145028593721,6.42074028589729,1.346914707747333,2.366450353489811,7.661033112930607
0.7637043333785755,0.7080021338496608,0.12474256204404481,7.6220218412903,0.35170884030343386,8.069010120719852,1.2030313526849574,14.038328811931136,6.498629361572841,1.3209123246789858,2.420755848712876,7.598420897999293
0.829765249001995,0.7299039212927486,0.13544456037060532,7.542561311779094,0.27797315884514934,8.03726280356411,1.2061806414769776,13.946526484401993,6.46749903971376,1.3320528065394808,2.4328314752033853,7.651623294152006
0.8344484349763787,0.7190640175554105,0.13216498715296554,7.564077600379296,0.361181278745635,7.981315028618656,1.2677973145125618,13.993913495944556,6.486644808549471,1.4059140685399814,2.367358457969508,7.584604190257993
0.7723573680311179,0.726819183532611,0.12883963341542398,7.65368112942289,0.44743668591524294,7.913164375200577,1.2110922629424885,13.899513004712954,6.57575404816321,1.391575902715343,2.408250507460327,7.52262949422715
0.740352245990066,0.7321403291771496,0.12908285378015824,7.708943536606754,0.48312480611995673,7.890353607356357,1.1396175747074735,13.814274186423068,6.601176564669511,1.4221149136905562,2.392834061344405,7.484416097269498
0.815749081602123,0.6906829263995408,0.13740399523796668,7.765511162082289,0.5442452587947021,7.903320011780306,1.1960306965753964,13.852527665239966,6.60961681036215,1.430351763304747,2.45114171701165,7.416637475551994
0.8336104058820645,0.7166640919224874,0.14733046486236784,7.814481132379347,0.5222227958623589,7.850386567561005,1.1398671544184789,13.909359506471256,6.691800889724836,1.4334644604627063,2.4133538866868447,7.3547706595843625
0.833788591356583,0.6828129408406005,0.15176853383589223,7.794793225755365,0.46913223398807147,7.812050004823495,1.1290788175795408,13.844201510125046,6.783039019567305,1.4394992445331496,2.460771230059723,7.343366713977236
0.8205556157787093,0.7390684410008104,0.15863638918518075,7.8442402190995235,0.425173505187236,7.825988736711271,1.121048576428248,13.851925042454305,6.824318020014373,1.5038272431068738,2.4496143412493097,7.273156266154283
0.7412557362738753,0.6986807560221036,0.1424139906661339,7.936634496024289,0.5072538987913985,7.886128686827093,1.0739267638723076,13.866737446030772,6.887185671129422,1.5652315484817905,2.4066646375240874,7.2128944647785636
0.8141292287491211,0.6826055029150117,0.15361267356906863,7.938751972299532,0.4583816710617803,7.929462743863453,1.1127421580921777,13.913088836662936,6.793425097755947,1.6352918765917548,2.3640376119690525,7.237715142252536
0.7780054018756979,0.6631007714441438,0.15346957746107345,8.002527381715849,0.4040965155750135,7.966373660447226,1.087761834067916,13.911940537108132,6.8470733815331055,1.6425704455193082,2.438610399479324,7.1683544894680535
0.8497775159122751,0.6374056910866182,0.16727406558498523,8.047785720035504,0.46952958633457725,8.04689309162909,1.0242376690405606,13.857104761742256,6.828415639450346,1.6273903060337123,2.5373301660038963,7.264474639940591
0.8602855130207979,0.6597940928571678,0.17241568908306995,8.006204646358587,0.44211041141148394,7.975810053807721,1.1058453113816735,13.903962912076711,6.884951598137309,1.5869090752561705,2.552064629393475,7.194573017686266
0.808904145034064,0.6706004166760942,0.16240180394345888,8.034983423241412,0.4461411934387125,8.067075717738016,1.100110956990747,13.833709613688184,6.9288221172491475,1.6207506301634305,2.540975992157858,7.131810080526135
0.790814997935537,0.6580132091500042,0.16136919430200572,8.044972338747964,0.5191756065604953,8.155990685101349,1.1252028229424493,13.816841701538936,6.955248835668911,1.643619232556189,2.509137757588953,7.056461256648482
0.79666450444134,0.633442124159966,0.16173153229865087,8.028275369343532,0.4304289155481672,8.084752276549054,1.0597715781419779,13.840618009538925,6.969988923550292,1.6831463377865425,2.446165955561303,7.150459294918273
0.8959724977436793,0.6727239829167155,0.1641043383861555,8.040657777886818,0.37499771633265017,8.147849831353833,1.0381696547964085,13.896144551334277,6.9814204508119735,1.6097585258577376,2.352068902400075,7.168113444246172
0.853122841909526,0.6783740803863006,0.15479663510414465,8.040817738419015,0.446636501004866,8.133692303842603,1.0988497207408634,13.947986286061708,7.040519649786282,1.6320286151960972,2.2976661985666276,7.096114439013533
0.9085021199046016,0.692255231004007,0.1606587789156157,7.9590215924973196,0.5329573913152791,8.221092930324833,1.1916257369868064,13.997398305602905,7.140053832020176,1.630089655547859,2.2641837673935856,7.07090116100129
0.8906539302223213,0.6637625025396385,0.15665049868670422,7.9494423123438755,0.43402897319168743,8.256608842219183,1.1438733983683087,14.001810725131545,7.139370196218646,1.718598572301327,2.177304623761835,7.156812337492275
0.9398191034087054,0.6325340065893652,0.1586313263200279,7.8554120141997545,0.3568235099510995,8.209822437236259,1.081674015860188,14.028068529620196,7.08507615170017,1.640884579393184,2.1008849839531725,7.171445323633052
0.9767896461301323,0.6159285034648482,0.1701937642663422,7.949948647385474,0.4391696184043364,8.203179961947761,1.1516050251326095,14.047524931081758,7.165892938943919,1.7312000976576711,2.1812345814801595,7.147226016283519
0.9601930120416284,0.578841528286898,0.17208399339522876,7.96453519064997,0.5058187642364352,8.224408538402937,1.1292169846546554,14.088226533069506,7.219643548692438,1.7991921530987163,2.100481804934204,7.085237703273471
0.975589095905761,0.60368705994818,0.18060913124783906,7.972820653538939,0.4703265494894825,8.286293966970328,1.2060621541887833,14.084020727062843,7.308640728212693,1.8569831397141168,2.140200221086652,6.993563680186962
0.9157199119650865,0.5745418329122295,0.16943622344916148,7.937602504658476,0.488647603044035,8.372997882204706,1.2315428262768595,14.003791710870996,7.386332603453873,1.7969486910133066,2.2051496790344904,6.966019859659187
0.9910426831056431,0.543663168150691,0.17619312049878433,7.937714657062474,0.416387644174587,8.449620029357773,1.156470196521358,14.015847817223191,7.4575519101097525,1.709813104966829,2.1820304053568087,6.984574246603934
1.0436322781931513,0.5784862058573693,0.1811280000757796,7.909971489998147,0.46639111920837595,8.468229717235694,1.2434275193790048,14.067797290049318,7.417750158960752,1.7529474272856171,2.117532163353065,6.94880532383729
1.0745873937634711,0.5368727829675543,0.2002460282338087,7.912411389455931,0.4271429969456938,8.415605636977036,1.2185115897066612,14.061009497734636,7.456146005363316,1.8356365539253046,2.195542788545298,6.972595940132111
1.0594061304849318,0.5671569522006745,0.19755203324971102,7.816533436146597,0.469366470749709,8.499204630962652,1.309861323344602,14.033256802299162,7.549996058045922,1.853327737811619,2.180018992863715,6.972143271200828
1.0967663061028214,0.5222737508742955,0.21457306790850522,7.7442605683307,0.4193660545030286,8.515880845216737,1.3943755507238091,14.082746265036883,7.482922691933463,1.926911905006377,2.258512831246807,7.028979735165515
1.0769293494965573,0.5352968428774281,0.21923779579124952,7.822995827366825,0.3737564230898553,8.589093626287593,1.3052585853189906,14.061559465375614,7.535161367969744,2.0101189594287185,2.183567325604419,6.991196728342264
0.013191093212919674,0.8766787829155649,0.15856383639280255,7.215824614327759,0.5861338118225727,8.235037610662346,1.1920138077423594,14.128494980371677,5.443600615280059,0.9784411295050344,3.270293616904552,8.371078544289274
0.06904621736092804,0.8994785804461289,0.14161630753648188,7.126015885395822,0.6855918378405836,8.218901142994921,1.2420263831665066,14.119427634200845,5.420631967540826,1.0772560139110576,3.2469000202542215,8.44165053172411
0.10331349056172737,0.9051970624940151,0.1466161185378206,7.144810751683883,0.756177396245994,8.177116307248392,1.2903172242916745,14.118529395676404,5.496974019919579,1.1310470363165819,3.2943492378601023,8.480842397205834
0.1082991217489951,0.9546709906005681,0.17320523962892348,7.16306826751382,0.6992144370347145,8.241794852250884,1.337612149870824,14.059624062116372,5.529170516728036,1.142139738959648,3.393708384288214,8.506731863368751
0.18183947705381448,0.9189983052102719,0.1733415621421061,7.130490079697303,0.6788319207946493,8.265180248709525,1.351915771798485,14.045276044293612,5.580580744575436,1.2034477287338416,3.3828066770952,8.594200314785988
0.17277791174380439,0.9385622327949916,0.15879369153931971,7.2290992252527415,0.6938817398134584,8.252669262786153,1.3448438968789906,14.118429028581586,5.663070768329951,1.2725808826811988,3.302514854530557,8.579006960712722
0.25739815805775706,0.890626995765221,0.16363530333549914,7.267960853720621,0.7344347069241617,8.311091513413746,1.357047454629999,14.077244088681622,5.722859338459466,1.2769553045462854,3.371755327807961,8.54682339502159
0.2277190749790133,0.9390228290660885,0.14534034754428468,7.308820458533065,0.6546371273235071,8.401635817911437,1.4505857802827211,14.073810390317238,5.6732826698625365,1.2440117898153138,3.289973482907584,8.527703695410482
0.2256996609935187,0.9721169010441659,0.1618371923801486,7.25246806184876,0.7056548344897897,8.317615321812047,1.4018104515591614,14.045298536529833,5.68779172667914,1.1990882794235298,3.1909845506157306,8.465317669512432
0.20077177911623417,1.004591306967889,0.1577226905401346,7.257906137184927,0.693452178467919,8.362906970550014,1.334932407223611,14.140173146371364,5.723039495597187,1.192211122131033,3.099712144825134,8.545787652702462
0.27703304326498923,0.9457679127281533,0.1495487351260129,7.209208097429509,0.646452362348815,8.27328878452574,1.3396311135697672,14.061006270501224,5.783815752493122,1.2405788067235317,3.0971074339293674,8.631636226614907
0.23200915821659923,1.0041876881187297,0.1454975196922741,7.196756337191345,0.6286948726641846,8.178842722850051,1.3614055717699673,14.068296972946845,5.804786764722796,1.2312334466255468,3.0703677346846385,8.676702059342706
0.2788775957722569,0.917509902483751,0.13435428636853633,7.208430849288275,0.6033245977709393,8.230891104352374,1.3666691334600263,14.08610074572014,5.8007020292756435,1.3083392365002156,3.114091879552584,8.579395492924089
0.3638827013598615,0.8782952926928604,0.14611891329109147,7.286795653121037,0.6728666345566072,8.20967184143183,1.386546729640314,14.08251794258868,5.897325977107906,1.315660169615263,3.13861602941246,8.543808685351063
0.34343785656517484,0.9752189279159744,0.1475818752614878,7.355074318856725,0.6013323374140522,8.291785064591341,1.343253585578291,14.055596341041849,5.980861937837089,1.299870963763999,3.1038871058650357,8.61839840083524
0.3095189976313138,0.9807570170939434,0.1454339436428089,7.354193625432015,0.5271112245939075,8.302458506553876,1.295006515372632,14.024911468888854,6.048857854154769,1.3781160111561623,3.061609545527341,8.616559477560084
0.3690274561381584,0.8854431398958155,0.13335014005825038,7.274889817076425,0.5723430893018749,8.371236880946237,1.3083315327319582,14.033764606187734,6.096606775537462,1.3315336247657354,2.9822302879390845,8.602903382256478
0.4311525153550767,0.8488207877269558,0.12338796038599399,7.2977530420840555,0.6179016802450604,8.39222667767119,1.3155420217953988,13.997823675801504,6.11417796113724,1.365835544694321,2.913463761062877,8.568172875162468
0.398461590119599,0.8803055359722336,0.1488072756334209,7.3947184983578484,0.6167404024621456,8.455986100283676,1.2338507048908944,13.941465431731519,6.183343157385147,1.4207757111251418,3.009097731307267,8.494373412980265
0.32529430743908067,0.865198083926967,0.11662993238746981,7.299744102100285,0.5534128037564469,8.478547973013034,1.326412932943094,14.020096180391896,6.280157645614515,1.33365089193556,2.9241957274262123,8.533976788505791
0.3486205636704572,0.9098537245519881,0.1351769923039502,7.263305504719459,0.48283740564182315,8.499083552313238,1.2753964936686821,13.921212965052074,6.335280581943063,1.3564648443989376,2.9539802669465116,8.628365718945522
0.40189565804705824,0.8535464296150872,0.1277690249878834,7.3189996245522435,0.5584116214591649,8.569142038782825,1.329580862570331,13.930482517851434,6.335761064055034,1.4275259368465172,2.9903400275932546,8.581248790501633
0.4782427750033772,0.8226481363081123,0.1379127279884698,7.3193781258574315,0.4803189909838708,8.594624402943637,1.2631665313759526,13.855629411768497,6.412817704406492,1.468898975354902,2.9661860248094927,8.615986583017877
0.5596316525473544,0.8101702048694336,0.13962688248545477,7.31590943030084,0.5035364561274343,8.65902732536593,1.346825238579749,13.81774113812011,6.327584181207237,1.4037321484817533,3.0491987676072614,8.599361254684352
0.48162674651859727,0.823587393940658,0.13489530983909842,7.282090154658245,0.5104984582249483,8.655934384683235,1.3987139555603736,13.848223568732509,6.419574261602996,1.4706105418232591,3.0513333958677347,8.500661909040279
0.5616875859078009,0.8605372511177553,0.15016137561413329,7.299858905379454,0.4334543470422409,8.556336270774583,1.3593420728226786,13.756567340355188,6.387104623347526,1.5588592377311357,2.969347561770094,8.425804089460291
0.49352642832511845,0.8261304414261332,0.13707186902926038,7.22882270296764,0.35940782739805305,8.65618256864092,1.3550102403882225,13.698283109121284,6.463641182220404,1.6271421653947409,2.928153093531904,8.360765607726997
0.4255369203137504,0.8662911996029249,0.13897440531485541,7.302441664847663,0.42351293595904993,8.719946292385023,1.301706278453909,13.615640097673271,6.562886295804087,1.7100287292683465,2.920113788458092,8.298992711071527
0.45535983934831814,0.8366442775610737,0.1326293767660978,7.317346334887285,0.4585151092512619,8.787150053800369,1.2870309561587119,13.523902768971276,6.6255360202053,1.6120476548275744,2.8962399639796668,8.301332259736615
0.4256124489498125,0.8236966518475629,0.1282515848622465,7.289699363585152,0.4839269181220452,8.783748014602452,1.2790577583788,13.523313593279708,6.723874608566403,1.5953943787493996,2.879295488854925,8.303821568018485
0.4355694585159141,0.7542715708267815,0.13280571015139056,7.259624790427353,0.5282701214400298,8.691058583698988,1.2510683931890394,13.551908275325681,6.806435623880986,1.5529618329850137,2.9154403754960105,8.232636420384022
0.33687453338210527,0.7817829072083821,0.11422243057518389,7.201232595956701,0.5058559611972108,8.627158009975771,1.3457413366152804,13.526907067437584,6.89734232443377,1.6505387588644167,2.907789266573831,8.143222371336845
0.3199907584037253,0.8470800280880126,0.11248263890087115,7.183811456404514,0.5702302458583587,8.606692708692497,1.3659884000729898,13.5870586562841,6.98742078845414,1.6643436550117816,2.8505638665600563,8.183243681049378
0.34786248925451924,0.8893848742046235,0.11624722354686835,7.096735639787689,0.6379650074395457,8.59203118955331,1.435017183897227,13.541839076865571,6.957968742253348,1.5813673846128986,2.8259071568070775,8.21241410406249
0.41142403352942347,0.790349369509483,0.11413466367212674,7.052268793984651,0.6463165693001628,8.52150000294777,1.5233098484438101,13.63827435128394,6.95492977697223,1.5965898126793632,2.910659986421325,8.282038782294972
0.3945402585510435,0.8556464903891136,0.112394871997814,7.034847654432464,0.7106908539613107,8.501034701664496,1.5435569119015196,13.698425940130456,7.0450082409926,1.610394708826728,2.85343458640755,8.322060092007504
0.40449726811714515,0.7862214093683322,0.11694899728695808,7.004773081274665,0.7550340572792953,8.408345270761032,1.5155675467117589,13.727020622176429,7.127569256307184,1.5679621630623422,2.8895794730486357,8.250874944373042
0.37355456604590703,0.8761779934612699,0.11972718329995304,7.008282035623309,0.6688053107010183,8.470419507252037,1.5687522932128304,13.757393960744116,7.060054523182121,1.5761395973007748,2.91863335431417,8.347532723111721
